Pv_multiplex_MiSeq,,,,,,,
[Header],,,,,,,
Local Run Manager Analysis Id,,,,,,,
Experiment Name,Pv_multiplex_MiSeq,,,,,,
Date,08_14_2024,,,,,,
Module,GenerateFASTQ - 2.0.1,,,,,,
Workflow,GenerateFASTQ,,,,,,
Library Prep Kit,Custom,,,,,,
Description,,,,,,,
Chemistry,Amplicon,,,,,,
,,,,,,,
[Reads],,,,,,,
251,,,,,,,
251,,,,,,,
,,,,,,,
[Settings],,,,,,,
adapter,CTGTCTCTTATACACATCT,,,,,,
,,,,,,,
[Data],,,,,,,
Sample_ID,Sample_Name,Description,index,I7_Index_ID,index2,I5_Index_ID,Sample_Project
G_60p_8plex_1,G_60p_8plex_1,A01,GAACTGAGCG,GAACTGAGCG,TCGTGGAGCG,TCGTGGAGCG,
G_60p_8plex_2,G_60p_8plex_2,A02,GACTGAGTAG,GACTGAGTAG,GTTGATAGTG,GTTGATAGTG,
G_60p_8plex_3,G_60p_8plex_3,A03,GAGAATGGTT,GAGAATGGTT,TCGGCAGCAA,TCGGCAGCAA,
G_60p_No_DBP_1_RBP2b_3_1,G_60p_No_DBP_1_RBP2b_3_1,A04,AACCATAGAA,AACCATAGAA,GGCGAGATGG,GGCGAGATGG,
G_60p_No_DBP_1_RBP2b_3_2,G_60p_No_DBP_1_RBP2b_3_2,A05,TGATTATACG,TGATTATACG,GTCGATTACA,GTCGATTACA,
G_60p_No_DBP_1_RBP2b_3_3,G_60p_No_DBP_1_RBP2b_3_3,A06,ACTCGGCAAT,ACTCGGCAAT,GACAACTGAA,GACAACTGAA,
G_60p_No_RBP2b_3_FRM1_1_1,G_60p_No_RBP2b_3_FRM1_1_1,A07,AGTGTTGCAC,AGTGTTGCAC,CTGGTACACG,CTGGTACACG,
G_60p_No_RBP2b_3_FRM1_1_2,G_60p_No_RBP2b_3_FRM1_1_2,A08,TCTATCCTAA,TCTATCCTAA,CGTCGACTGG,CGTCGACTGG,
G_60p_No_RBP2b_3_FRM1_1_3,G_60p_No_RBP2b_3_FRM1_1_3,A09,TAATGTGTCT,TAATGTGTCT,GTAAGGCATA,GTAAGGCATA,
G_60p_No_RIPR_VSP11_1,G_60p_No_RIPR_VSP11_1,A10,CCTGCGGAAC,CCTGCGGAAC,ATCATAGGCT,ATCATAGGCT,
G_60p_No_RIPR_VSP11_2,G_60p_No_RIPR_VSP11_2,A11,TGTCGCTGGT,TGTCGCTGGT,TCGTCTGACT,TCGTCTGACT,
G_60p_No_RIPR_VSP11_3,G_60p_No_RIPR_VSP11_3,A12,GTCCGTAAGC,GTCCGTAAGC,CGTGTATCTT,CGTGTATCTT,
G_6p_8plex_1,G_6p_8plex_1,B01,AGGTCAGATA,AGGTCAGATA,CTACAAGATA,CTACAAGATA,
G_6p_8plex_2,G_6p_8plex_2,B02,AGTCAGACGA,AGTCAGACGA,ACCAGCGACA,ACCAGCGACA,
G_6p_8plex_3,G_6p_8plex_3,B03,AGAGGCAACC,AGAGGCAACC,CTAATGATGG,CTAATGATGG,
G_6p_No_DBP_1_RBP2b_3_1,G_6p_No_DBP_1_RBP2b_3_1,B04,GGTTGCGAGG,GGTTGCGAGG,AATAGAGCAA,AATAGAGCAA,
G_6p_No_DBP_1_RBP2b_3_2,G_6p_No_DBP_1_RBP2b_3_2,B05,CAGCCGCGTA,CAGCCGCGTA,ACTAGCCGTG,ACTAGCCGTG,
G_6p_No_DBP_1_RBP2b_3_3,G_6p_No_DBP_1_RBP2b_3_3,B06,GTCTAATGGC,GTCTAATGGC,AGTGGTCAGG,AGTGGTCAGG,
G_6p_No_RBP2b_3_FRM1_1_1,G_6p_No_RBP2b_3_FRM1_1_1,B07,GACACCATGT,GACACCATGT,TCAACGTGTA,TCAACGTGTA,
G_6p_No_RBP2b_3_FRM1_1_2,G_6p_No_RBP2b_3_FRM1_1_2,B08,CTCGCTTCGG,CTCGCTTCGG,TACTAGTCAA,TACTAGTCAA,
G_6p_No_RBP2b_3_FRM1_1_3,G_6p_No_RBP2b_3_FRM1_1_3,B09,ATACCAACGC,ATACCAACGC,AATTGCTGCG,AATTGCTGCG,
G_6p_No_RIPR_VSP11_1,G_6p_No_RIPR_VSP11_1,B10,TTCATAAGGT,TTCATAAGGT,TGTTAGAAGG,TGTTAGAAGG,
G_6p_No_RIPR_VSP11_2,G_6p_No_RIPR_VSP11_2,B11,ACCGTTACAA,ACCGTTACAA,CTCATAGCGA,CTCATAGCGA,
G_6p_No_RIPR_VSP11_3,G_6p_No_RIPR_VSP11_3,B12,ACTTCAAGCG,ACTTCAAGCG,GAACCATGAA,GAACCATGAA,
G_1_2p_8plex_1,G_1_2p_8plex_1,C01,CGTCTCATAT,CGTCTCATAT,TATAGTAGCT,TATAGTAGCT,
G_1_2p_8plex_2,G_1_2p_8plex_2,C02,CCGTATGTTC,CCGTATGTTC,CATACACTGT,CATACACTGT,
G_1_2p_8plex_3,G_1_2p_8plex_3,C03,CCATCATTAG,CCATCATTAG,GGTTGCCTCT,GGTTGCCTCT,
G_1_2p_No_DBP_1_RBP2b_3_1,G_1_2p_No_DBP_1_RBP2b_3_1,C04,TAAGCATCCA,TAAGCATCCA,TCAATCCATT,TCAATCCATT,
G_1_2p_No_DBP_1_RBP2b_3_2,G_1_2p_No_DBP_1_RBP2b_3_2,C05,GGTAACTCGC,GGTAACTCGC,AAGTTGGTGA,AAGTTGGTGA,
G_1_2p_No_DBP_1_RBP2b_3_3,G_1_2p_No_DBP_1_RBP2b_3_3,C06,CCATCTCGCC,CCATCTCGCC,TTCTATGGTT,TTCTATGGTT,
G_1_2p_No_RBP2b_3_FRM1_1_1,G_1_2p_No_RBP2b_3_FRM1_1_1,C07,CCTGTCTGTC,CCTGTCTGTC,ACTGTTGTGA,ACTGTTGTGA,
G_1_2p_No_RBP2b_3_FRM1_1_2,G_1_2p_No_RBP2b_3_FRM1_1_2,C08,CTGTTGGTCC,CTGTTGGTCC,ATAGACCGTT,ATAGACCGTT,
G_1_2p_No_RBP2b_3_FRM1_1_3,G_1_2p_No_RBP2b_3_FRM1_1_3,C09,AGGATGTGCT,AGGATGTGCT,TTACAATTCC,TTACAATTCC,
G_1_2p_No_RIPR_VSP11_1,G_1_2p_No_RIPR_VSP11_1,C10,CTCTGCAGCG,CTCTGCAGCG,GATGGATGTA,GATGGATGTA,
G_1_2p_No_RIPR_VSP11_2,G_1_2p_No_RIPR_VSP11_2,C11,TATGCCTTAC,TATGCCTTAC,AGACACATTA,AGACACATTA,
G_1_2p_No_RIPR_VSP11_3,G_1_2p_No_RIPR_VSP11_3,C12,TCAGAAGGCG,TCAGAAGGCG,GGCCATCATA,GGCCATCATA,
G_0_6p_8plex_1,G_0_6p_8plex_1,D01,ATTCCATAAG,ATTCCATAAG,TGCCTGGTGG,TGCCTGGTGG,
G_0_6p_8plex_2,G_0_6p_8plex_2,D02,GAGTCATAGG,GAGTCATAGG,GTGTGGCGCT,GTGTGGCGCT,
G_0_6p_8plex_3,G_0_6p_8plex_3,D03,GATAGGCCGA,GATAGGCCGA,CGCACATGGC,CGCACATGGC,
G_0_6p_No_DBP_1_RBP2b_3_1,G_0_6p_No_DBP_1_RBP2b_3_1,D04,ACCACGACAT,ACCACGACAT,TCGTATGCGG,TCGTATGCGG,
G_0_6p_No_DBP_1_RBP2b_3_2,G_0_6p_No_DBP_1_RBP2b_3_2,D05,ACCGGCCGTA,ACCGGCCGTA,TGGCAATATT,TGGCAATATT,
G_0_6p_No_DBP_1_RBP2b_3_3,G_0_6p_No_DBP_1_RBP2b_3_3,D06,CTGCGAGCCA,CTGCGAGCCA,AATCCGGCCA,AATCCGGCCA,
G_0_6p_No_RBP2b_3_FRM1_1_1,G_0_6p_No_RBP2b_3_FRM1_1_1,D07,TGATGTAAGA,TGATGTAAGA,GTGCGTCCTT,GTGCGTCCTT,
G_0_6p_No_RBP2b_3_FRM1_1_2,G_0_6p_No_RBP2b_3_FRM1_1_2,D08,TTACCTGGAA,TTACCTGGAA,ACAGTTCCAG,ACAGTTCCAG,
G_0_6p_No_RBP2b_3_FRM1_1_3,G_0_6p_No_RBP2b_3_FRM1_1_3,D09,CACGGAACAA,CACGGAACAA,AACCTAGCAC,AACCTAGCAC,
G_0_6p_No_RIPR_VSP11_1,G_0_6p_No_RIPR_VSP11_1,D10,CTGACTCTAC,CTGACTCTAC,ACGGCCGTCA,ACGGCCGTCA,
G_0_6p_No_RIPR_VSP11_2,G_0_6p_No_RIPR_VSP11_2,D11,ACAAGTGGAC,ACAAGTGGAC,GCGCGATGTT,GCGCGATGTT,
G_0_6p_No_RIPR_VSP11_3,G_0_6p_No_RIPR_VSP11_3,D12,GCGTTGGTAT,GCGTTGGTAT,ACATACTTCC,ACATACTTCC,
G_0_12p_8plex_1,G_0_12p_8plex_1,E01,GACGAGATTA,GACGAGATTA,ACATTATCCT,ACATTATCCT,
G_0_12p_8plex_2,G_0_12p_8plex_2,E02,CTTGCCATTA,CTTGCCATTA,ATCACGAAGG,ATCACGAAGG,
G_0_12p_8plex_3,G_0_12p_8plex_3,E03,ATGGTTGACT,ATGGTTGACT,GGCCTGTCCT,GGCCTGTCCT,
G_0_12p_No_DBP_1_RBP2b_3_1,G_0_12p_No_DBP_1_RBP2b_3_1,E04,GCCGCACTCT,GCCGCACTCT,TCCGACCTCG,TCCGACCTCG,
G_0_12p_No_DBP_1_RBP2b_3_2,G_0_12p_No_DBP_1_RBP2b_3_2,E05,TGTAATCGAC,TGTAATCGAC,GATCACCGCG,GATCACCGCG,
G_0_12p_No_DBP_1_RBP2b_3_3,G_0_12p_No_DBP_1_RBP2b_3_3,E06,CGTTATTCTA,CGTTATTCTA,CCATAAGGTT,CCATAAGGTT,
G_0_12p_No_RBP2b_3_FRM1_1_1,G_0_12p_No_RBP2b_3_FRM1_1_1,E07,GGAATTGTAA,GGAATTGTAA,AGCACATCCT,AGCACATCCT,
G_0_12p_No_RBP2b_3_FRM1_1_2,G_0_12p_No_RBP2b_3_FRM1_1_2,E08,TGGCTAATCA,TGGCTAATCA,AGGCATGTAG,AGGCATGTAG,
G_0_12p_No_RBP2b_3_FRM1_1_3,G_0_12p_No_RBP2b_3_FRM1_1_3,E09,TGGAGTACTT,TGGAGTACTT,TCTGTGTGGA,TCTGTGTGGA,
G_0_12p_No_RIPR_VSP11_1,G_0_12p_No_RIPR_VSP11_1,E10,TCTGGTATCC,TCTGGTATCC,CGTTGCTTAC,CGTTGCTTAC,
G_0_12p_No_RIPR_VSP11_2,G_0_12p_No_RIPR_VSP11_2,E11,TGGTACCTAA,TGGTACCTAA,CATGAGTACT,CATGAGTACT,
G_0_12p_No_RIPR_VSP11_3,G_0_12p_No_RIPR_VSP11_3,E12,ACATATCCAG,ACATATCCAG,TATGTGCAAT,TATGTGCAAT,
G_60p_PIGM_RIPR_VSP11_CG2_related_1,G_60p_PIGM_RIPR_VSP11_CG2_related_1,F01,AACATCGCGC,AACATCGCGC,GTCCACTTGT,GTCCACTTGT,
G_60p_PIGM_RIPR_VSP11_CG2_related_2,G_60p_PIGM_RIPR_VSP11_CG2_related_2,F02,GAAGCGGCAC,GAAGCGGCAC,CGGCTCTACT,CGGCTCTACT,
G_60p_PIGM_RIPR_VSP11_CG2_related_3,G_60p_PIGM_RIPR_VSP11_CG2_related_3,F03,TATTGCGCTC,TATTGCGCTC,CTGTGTTAGG,CTGTGTTAGG,
G_0_6p_PIGM_RIPR_VSP11_CG2_related_1,G_0_6p_PIGM_RIPR_VSP11_CG2_related_1,F04,CCACCAGGCA,CCACCAGGCA,CTTATGGAAT,CTTATGGAAT,
G_0_6p_PIGM_RIPR_VSP11_CG2_related_2,G_0_6p_PIGM_RIPR_VSP11_CG2_related_2,F05,GTGCAGACAG,GTGCAGACAG,TACCATCCGT,TACCATCCGT,
G_0_6p_PIGM_RIPR_VSP11_CG2_related_3,G_0_6p_PIGM_RIPR_VSP11_CG2_related_3,F06,AGATCCATTA,AGATCCATTA,ATCTCTACCA,ATCTCTACCA,
G_60p_PIGM_RIPR_DBP_1_RBP2b_3_1,G_60p_PIGM_RIPR_DBP_1_RBP2b_3_1,F07,GCATAAGCTT,GCATAAGCTT,TTCCGTCGCA,TTCCGTCGCA,
G_60p_PIGM_RIPR_DBP_1_RBP2b_3_2,G_60p_PIGM_RIPR_DBP_1_RBP2b_3_2,F08,AACACTGTTA,AACACTGTTA,GCAAGTCTCA,GCAAGTCTCA,
G_60p_PIGM_RIPR_DBP_1_RBP2b_3_3,G_60p_PIGM_RIPR_DBP_1_RBP2b_3_3,F09,GTATTGACGT,GTATTGACGT,GGAATTCCAA,GGAATTCCAA,
G_0_6p_PIGM_RIPR_DBP_1_RBP2b_3_1,G_0_6p_PIGM_RIPR_DBP_1_RBP2b_3_1,F10,CATTAGTGCG,CATTAGTGCG,TGACTACATA,TGACTACATA,
G_0_6p_PIGM_RIPR_DBP_1_RBP2b_3_2,G_0_6p_PIGM_RIPR_DBP_1_RBP2b_3_2,F11,TTGGAATTCC,TTGGAATTCC,ACGTCAATAC,ACGTCAATAC,
G_0_6p_PIGM_RIPR_DBP_1_RBP2b_3_3,G_0_6p_PIGM_RIPR_DBP_1_RBP2b_3_3,F12,TCATAGATTG,TCATAGATTG,GATTAAGGTG,GATTAAGGTG,
G_6p_PIGM_RIPR_VSP11_CG2_related_1,G_6p_PIGM_RIPR_VSP11_CG2_related_1,G01,CTAGTGCTCT,CTAGTGCTCT,TGGAACAGTA,TGGAACAGTA,
G_6p_PIGM_RIPR_VSP11_CG2_related_2,G_6p_PIGM_RIPR_VSP11_CG2_related_2,G02,TCCATTGCCG,TCCATTGCCG,GAATGCACGA,GAATGCACGA,
G_6p_PIGM_RIPR_VSP11_CG2_related_3,G_6p_PIGM_RIPR_VSP11_CG2_related_3,G03,ACGCCTTGTT,ACGCCTTGTT,TAAGGAACGT,TAAGGAACGT,
G_0_12p_PIGM_RIPR_VSP11_CG2_related_1,G_0_12p_PIGM_RIPR_VSP11_CG2_related_1,G04,GTGACACGCA,GTGACACGCA,GCTTACGGAC,GCTTACGGAC,
G_0_12p_PIGM_RIPR_VSP11_CG2_related_2,G_0_12p_PIGM_RIPR_VSP11_CG2_related_2,G05,CAATCGGCTG,CAATCGGCTG,GCTGTAGGAA,GCTGTAGGAA,
G_0_12p_PIGM_RIPR_VSP11_CG2_related_3,G_0_12p_PIGM_RIPR_VSP11_CG2_related_3,G06,GTCCTGGATA,GTCCTGGATA,CGGTGGCGAA,CGGTGGCGAA,
G_6p_PIGM_RIPR_DBP_1_RBP2b_3_1,G_6p_PIGM_RIPR_DBP_1_RBP2b_3_1,G07,CTGAGGAATA,CTGAGGAATA,CTTAACCACT,CTTAACCACT,
G_6p_PIGM_RIPR_DBP_1_RBP2b_3_2,G_6p_PIGM_RIPR_DBP_1_RBP2b_3_2,G08,ATTGCGCGGT,ATTGCGCGGT,TTGGCTCCGC,TTGGCTCCGC,
G_6p_PIGM_RIPR_DBP_1_RBP2b_3_3,G_6p_PIGM_RIPR_DBP_1_RBP2b_3_3,G09,CTTGTACACC,CTTGTACACC,AAGCGCGCTT,AAGCGCGCTT,
G_0_12p_PIGM_RIPR_DBP_1_RBP2b_3_1,G_0_12p_PIGM_RIPR_DBP_1_RBP2b_3_1,G10,ACGGTCAGGA,ACGGTCAGGA,CGGCCTCGTT,CGGCCTCGTT,
G_0_12p_PIGM_RIPR_DBP_1_RBP2b_3_2,G_0_12p_PIGM_RIPR_DBP_1_RBP2b_3_2,G11,CCTCTACATG,CCTCTACATG,GATACCTCCT,GATACCTCCT,
G_0_12p_PIGM_RIPR_DBP_1_RBP2b_3_3,G_0_12p_PIGM_RIPR_DBP_1_RBP2b_3_3,G12,GTATTCCACC,GTATTCCACC,ATGTAGACAA,ATGTAGACAA,
G_1_2p_PIGM_RIPR_VSP11_CG2_related_1,G_1_2p_PIGM_RIPR_VSP11_CG2_related_1,H01,GATCAAGGCA,GATCAAGGCA,CCTTGTTAAT,CCTTGTTAAT,
G_1_2p_PIGM_RIPR_VSP11_CG2_related_2,G_1_2p_PIGM_RIPR_VSP11_CG2_related_2,H02,CGGTTACGGC,CGGTTACGGC,AAGACTATAG,AAGACTATAG,
G_1_2p_PIGM_RIPR_VSP11_CG2_related_3,G_1_2p_PIGM_RIPR_VSP11_CG2_related_3,H03,TTCTACATAC,TTCTACATAC,CTAACTGTAA,CTAACTGTAA,
Empty_H04_1,Empty_H04_1,H04,ACAGTGTATG,ACAGTGTATG,GAACATACGG,GAACATACGG,
Empty_H05_1,Empty_H05_1,H05,TATGTAGTCA,TATGTAGTCA,CGCACTAATG,CGCACTAATG,
Empty_H06_1,Empty_H06_1,H06,CAGTGGCACT,CAGTGGCACT,TAACAATAGG,TAACAATAGG,
G_1_2p_PIGM_RIPR_DBP_1_RBP2b_3_1,G_1_2p_PIGM_RIPR_DBP_1_RBP2b_3_1,H07,AACGCACGAG,AACGCACGAG,GCCTCGGATA,GCCTCGGATA,
G_1_2p_PIGM_RIPR_DBP_1_RBP2b_3_2,G_1_2p_PIGM_RIPR_DBP_1_RBP2b_3_2,H08,TGGCGCGAAC,TGGCGCGAAC,AACTGATACT,AACTGATACT,
G_1_2p_PIGM_RIPR_DBP_1_RBP2b_3_3,G_1_2p_PIGM_RIPR_DBP_1_RBP2b_3_3,H09,ACACAGGTGG,ACACAGGTGG,TGAGCGTTGT,TGAGCGTTGT,
Empty_H10_1,Empty_H10_1,H10,GGCAAGCCAG,GGCAAGCCAG,CAAGCATCCG,CAAGCATCCG,
G_Negative,G_Negative,H11,GGAGCGTGTA,GGAGCGTGTA,ATCCGTAAGT,ATCCGTAAGT,
G_HumanNegative,G_HumanNegative,H12,CCTCCGTCCA,CCTCCGTCCA,CACATCGGTG,CACATCGGTG,
HRP_26p_8plex_1,HRP_26p_8plex_1,A01,TGCCGGTCAG,TGCCGGTCAG,CCTGATACAA,CCTGATACAA,
HRP_26p_8plex_2,HRP_26p_8plex_2,A02,CAGCAATCGT,CAGCAATCGT,TGTGATGTAT,TGTGATGTAT,
HRP_26p_8plex_3,HRP_26p_8plex_3,A03,GAATTACAAG,GAATTACAAG,ACCGGCTCAG,ACCGGCTCAG,
HRP_26p_No_DBP_1_RBP2b_3_1,HRP_26p_No_DBP_1_RBP2b_3_1,A04,AGAGAACCTA,AGAGAACCTA,GGTTATGCTA,GGTTATGCTA,
HRP_26p_No_DBP_1_RBP2b_3_2,HRP_26p_No_DBP_1_RBP2b_3_2,A05,TCTAGGCGCG,TCTAGGCGCG,CGAAGGTTAA,CGAAGGTTAA,
HRP_26p_No_DBP_1_RBP2b_3_3,HRP_26p_No_DBP_1_RBP2b_3_3,A06,CCGGTTCCTA,CCGGTTCCTA,TATATTCGAG,TATATTCGAG,
HRP_26p_No_RBP2b_3_FRM1_1_1,HRP_26p_No_RBP2b_3_FRM1_1_1,A07,TATGATGGCC,TATGATGGCC,GATTGTCATA,GATTGTCATA,
HRP_26p_No_RBP2b_3_FRM1_1_2,HRP_26p_No_RBP2b_3_FRM1_1_2,A08,CCACGCTGAA,CCACGCTGAA,TATTCCTCAG,TATTCCTCAG,
HRP_26p_No_RBP2b_3_FRM1_1_3,HRP_26p_No_RBP2b_3_FRM1_1_3,A09,AATTCCATCT,AATTCCATCT,CTTCAGTTAC,CTTCAGTTAC,
HRP_26p_No_RIPR_VSP11_1,HRP_26p_No_RIPR_VSP11_1,A10,ATGTTGTTGG,ATGTTGTTGG,CAATCTATGA,CAATCTATGA,
HRP_26p_No_RIPR_VSP11_2,HRP_26p_No_RIPR_VSP11_2,A11,CTCGAATATA,CTCGAATATA,GAGATGTCGA,GAGATGTCGA,
HRP_26p_No_RIPR_VSP11_3,HRP_26p_No_RIPR_VSP11_3,A12,ACGGTCCAAC,ACGGTCCAAC,TCTTACATCA,TCTTACATCA,
HRP_2_6p_8plex_1,HRP_2_6p_8plex_1,B01,CACTCAATTC,CACTCAATTC,TTAAGTTGTG,TTAAGTTGTG,
HRP_2_6p_8plex_2,HRP_2_6p_8plex_2,B02,TTCTGTAGAA,TTCTGTAGAA,GAGCGCAATA,GAGCGCAATA,
HRP_2_6p_8plex_3,HRP_2_6p_8plex_3,B03,TAGAATTGGA,TAGAATTGGA,GTTAATCTGA,GTTAATCTGA,
HRP_2_6p_No_DBP_1_RBP2b_3_1,HRP_2_6p_No_DBP_1_RBP2b_3_1,B04,GATATTGTGT,GATATTGTGT,ACCACACGGT,ACCACACGGT,
HRP_2_6p_No_DBP_1_RBP2b_3_2,HRP_2_6p_No_DBP_1_RBP2b_3_2,B05,ATAGCCAAGA,ATAGCCAAGA,AGTGCCACTG,AGTGCCACTG,
HRP_2_6p_No_DBP_1_RBP2b_3_3,HRP_2_6p_No_DBP_1_RBP2b_3_3,B06,GGCCAATATT,GGCCAATATT,CGGTCCGATA,CGGTCCGATA,
HRP_2_6p_No_RBP2b_3_FRM1_1_1,HRP_2_6p_No_RBP2b_3_FRM1_1_1,B07,CGCAGCAATT,CGCAGCAATT,ATTCCGCTAT,ATTCCGCTAT,
HRP_2_6p_No_RBP2b_3_FRM1_1_2,HRP_2_6p_No_RBP2b_3_FRM1_1_2,B08,GTTCGGAGTT,GTTCGGAGTT,CGCCTTCTGA,CGCCTTCTGA,
HRP_2_6p_No_RBP2b_3_FRM1_1_3,HRP_2_6p_No_RBP2b_3_FRM1_1_3,B09,TTAACGGTGT,TTAACGGTGT,TCCTGACCGT,TCCTGACCGT,
HRP_2_6p_No_RIPR_VSP11_1,HRP_2_6p_No_RIPR_VSP11_1,B10,GCACCACCAA,GCACCACCAA,TGGTACTGAT,TGGTACTGAT,
HRP_2_6p_No_RIPR_VSP11_2,HRP_2_6p_No_RIPR_VSP11_2,B11,GATCGTCGCG,GATCGTCGCG,CTGGATATGT,CTGGATATGT,
HRP_2_6p_No_RIPR_VSP11_3,HRP_2_6p_No_RIPR_VSP11_3,B12,GTAACTTGGT,GTAACTTGGT,CGCCATACCT,CGCCATACCT,
HRP_0_5p_8plex_1,HRP_0_5p_8plex_1,C01,TCTCACACGC,TCTCACACGC,CGGACAGTGA,CGGACAGTGA,
HRP_0_5p_8plex_2,HRP_0_5p_8plex_2,C02,GAACGCAATA,GAACGCAATA,ATCTTACTGT,ATCTTACTGT,
HRP_0_5p_8plex_3,HRP_0_5p_8plex_3,C03,AGGCAGCTCT,AGGCAGCTCT,CGGCTAACGT,CGGCTAACGT,
HRP_0_5p_No_DBP_1_RBP2b_3_1,HRP_0_5p_No_DBP_1_RBP2b_3_1,C04,CGTACAGGAA,CGTACAGGAA,TAGGTTCTCT,TAGGTTCTCT,
HRP_0_5p_No_DBP_1_RBP2b_3_2,HRP_0_5p_No_DBP_1_RBP2b_3_2,C05,TTCGGTGTGA,TTCGGTGTGA,GAACAAGTAT,GAACAAGTAT,
HRP_0_5p_No_DBP_1_RBP2b_3_3,HRP_0_5p_No_DBP_1_RBP2b_3_3,C06,GAATACCTAT,GAATACCTAT,ACAATAGAGT,ACAATAGAGT,
HRP_0_5p_No_RBP2b_3_FRM1_1_1,HRP_0_5p_No_RBP2b_3_FRM1_1_1,C07,ACGTTCCTTA,ACGTTCCTTA,GACCGCTGTG,GACCGCTGTG,
HRP_0_5p_No_RBP2b_3_FRM1_1_2,HRP_0_5p_No_RBP2b_3_FRM1_1_2,C08,ATAGCGGAAT,ATAGCGGAAT,GCGCAGAGTA,GCGCAGAGTA,
HRP_0_5p_No_RBP2b_3_FRM1_1_3,HRP_0_5p_No_RBP2b_3_FRM1_1_3,C09,ACTTGTTATC,ACTTGTTATC,CGCGCCTAGA,CGCGCCTAGA,
HRP_0_5p_No_RIPR_VSP11_1,HRP_0_5p_No_RIPR_VSP11_1,C10,AGGCGTTCGC,AGGCGTTCGC,TTCATCCAAC,TTCATCCAAC,
HRP_0_5p_No_RIPR_VSP11_2,HRP_0_5p_No_RIPR_VSP11_2,C11,TATCCGAGGC,TATCCGAGGC,GGCCAATAAG,GGCCAATAAG,
HRP_0_5p_No_RIPR_VSP11_3,HRP_0_5p_No_RIPR_VSP11_3,C12,AGCGCCACAC,AGCGCCACAC,CTAATGTCTT,CTAATGTCTT,
HRP_0_3p_8plex_1,HRP_0_3p_8plex_1,D01,TCAATGGAGA,TCAATGGAGA,GCACTACAAC,GCACTACAAC,
HRP_0_3p_8plex_2,HRP_0_3p_8plex_2,D02,AGTACTCATG,AGTACTCATG,ATGTCGTGGT,ATGTCGTGGT,
HRP_0_3p_8plex_3,HRP_0_3p_8plex_3,D03,ATCGGCGAAG,ATCGGCGAAG,TCCAAGAATT,TCCAAGAATT,
HRP_0_3p_No_DBP_1_RBP2b_3_1,HRP_0_3p_No_DBP_1_RBP2b_3_1,D04,CTGCGTTACC,CTGCGTTACC,TATGGCTCGA,TATGGCTCGA,
HRP_0_3p_No_DBP_1_RBP2b_3_2,HRP_0_3p_No_DBP_1_RBP2b_3_2,D05,ATGTAACGTT,ATGTAACGTT,ACGATTGCTG,ACGATTGCTG,
HRP_0_3p_No_DBP_1_RBP2b_3_3,HRP_0_3p_No_DBP_1_RBP2b_3_3,D06,TACGTGAAGG,TACGTGAAGG,CGGTTATTAG,CGGTTATTAG,
HRP_0_3p_No_RBP2b_3_FRM1_1_1,HRP_0_3p_No_RBP2b_3_FRM1_1_1,D07,CCGCGTATAG,CCGCGTATAG,TAGGAACCGG,TAGGAACCGG,
HRP_0_3p_No_RBP2b_3_FRM1_1_2,HRP_0_3p_No_RBP2b_3_FRM1_1_2,D08,GCAATATTCA,GCAATATTCA,GGCGCCAATT,GGCGCCAATT,
HRP_0_3p_No_RBP2b_3_FRM1_1_3,HRP_0_3p_No_RBP2b_3_FRM1_1_3,D09,CGTGTACCAG,CGTGTACCAG,AGGATAAGTT,AGGATAAGTT,
HRP_0_3p_No_RIPR_VSP11_1,HRP_0_3p_No_RIPR_VSP11_1,D10,CCTCCGGTTG,CCTCCGGTTG,CATAACACCA,CATAACACCA,
HRP_0_3p_No_RIPR_VSP11_2,HRP_0_3p_No_RIPR_VSP11_2,D11,CGCTGTCTCA,CGCTGTCTCA,ATTACTCACC,ATTACTCACC,
HRP_0_3p_No_RIPR_VSP11_3,HRP_0_3p_No_RIPR_VSP11_3,D12,TGCTACTGCC,TGCTACTGCC,CAACCGGAGG,CAACCGGAGG,
HRP_0_05p_8plex_1,HRP_0_05p_8plex_1,E01,ATATGCATGT,ATATGCATGT,TGGTGCCTGG,TGGTGCCTGG,
HRP_0_05p_8plex_2,HRP_0_05p_8plex_2,E02,GGTAGAATTA,GGTAGAATTA,GTAGCCATCA,GTAGCCATCA,
HRP_0_05_8plex_3,HRP_0_05_8plex_3,E03,CCGTGACCGA,CCGTGACCGA,CCGAACGTTG,CCGAACGTTG,
HRP_0_05p_No_DBP_1_RBP2b_3_1,HRP_0_05p_No_DBP_1_RBP2b_3_1,E04,AGGCCGTGGA,AGGCCGTGGA,CTCGTGCGTT,CTCGTGCGTT,
HRP_0_05p_No_DBP_1_RBP2b_3_2,HRP_0_05p_No_DBP_1_RBP2b_3_2,E05,AACGAGGCCG,AACGAGGCCG,ATACCTGGAT,ATACCTGGAT,
HRP_0_05p_No_DBP_1_RBP2b_3_3,HRP_0_05p_No_DBP_1_RBP2b_3_3,E06,CTTATTGGCC,CTTATTGGCC,GATAACAAGT,GATAACAAGT,
HRP_0_05p_No_RBP2b_3_FRM1_1_1,HRP_0_05p_No_RBP2b_3_FRM1_1_1,E07,GATTCTGAAT,GATTCTGAAT,AGCGGTGGAC,AGCGGTGGAC,
HRP_0_05p_No_RBP2b_3_FRM1_1_2,HRP_0_05p_No_RBP2b_3_FRM1_1_2,E08,CTAGATTGCG,CTAGATTGCG,AGATATGGCG,AGATATGGCG,
HRP_0_05p_No_RBP2b_3_FRM1_1_3,HRP_0_05p_No_RBP2b_3_FRM1_1_3,E09,TTAACCTTCG,TTAACCTTCG,AGGCCAGACA,AGGCCAGACA,
HRP_0_05p_No_RIPR_VSP11_1,HRP_0_05p_No_RIPR_VSP11_1,E10,GTCCACCGCT,GTCCACCGCT,TCCTATTAGC,TCCTATTAGC,
HRP_0_05p_No_RIPR_VSP11_2,HRP_0_05p_No_RIPR_VSP11_2,E11,AATGCGAACA,AATGCGAACA,AATTGGCGGA,AATTGGCGGA,
HRP_0_05p_No_RIPR_VSP11_3,HRP_0_05p_No_RIPR_VSP11_3,E12,CAACACCGCA,CAACACCGCA,GGCAGTAGCA,GGCAGTAGCA,
HRP_26p_PIGM_RIPR_VSP11_CG2_related_1,HRP_26p_PIGM_RIPR_VSP11_CG2_related_1,F01,ATGGCGCCTG,ATGGCGCCTG,TCCACGGCCT,TCCACGGCCT,
HRP_26p_PIGM_RIPR_VSP11_CG2_related_2,HRP_26p_PIGM_RIPR_VSP11_CG2_related_2,F02,TAATTAGCGT,TAATTAGCGT,TGGTTAAGAA,TGGTTAAGAA,
HRP_26p_PIGM_RIPR_VSP11_CG2_related_3,HRP_26p_PIGM_RIPR_VSP11_CG2_related_3,F03,ATACTTGTTC,ATACTTGTTC,TAACCGCCGA,TAACCGCCGA,
HRP_0_3p_PIGM_RIPR_VSP11_CG2_related_1,HRP_0_3p_PIGM_RIPR_VSP11_CG2_related_1,F04,AGGAGGTATC,AGGAGGTATC,CCAGTTGGCA,CCAGTTGGCA,
HRP_0_3p_PIGM_RIPR_VSP11_CG2_related_2,HRP_0_3p_PIGM_RIPR_VSP11_CG2_related_2,F05,TGGTGTTATG,TGGTGTTATG,TCCAATTCTA,TCCAATTCTA,
HRP_0_3p_PIGM_RIPR_VSP11_CG2_related_3,HRP_0_3p_PIGM_RIPR_VSP11_CG2_related_3,F06,ACAACTACTG,ACAACTACTG,AGTTATCACA,AGTTATCACA,
HRP_26p_PIGM_RIPR_DBP_1_RBP2b_3_1,HRP_26p_PIGM_RIPR_DBP_1_RBP2b_3_1,F07,TAGAGAATAC,TAGAGAATAC,TATAGATTCG,TATAGATTCG,
HRP_26p_PIGM_RIPR_DBP_1_RBP2b_3_2,HRP_26p_PIGM_RIPR_DBP_1_RBP2b_3_2,F08,CGATGCGGTT,CGATGCGGTT,CCTGCTTGGT,CCTGCTTGGT,
HRP_26p_PIGM_RIPR_DBP_1_RBP2b_3_3,HRP_26p_PIGM_RIPR_DBP_1_RBP2b_3_3,F09,CATATGCGAT,CATATGCGAT,CCTTGAACGG,CCTTGAACGG,
HRP_0_3p_PIGM_RIPR_DBP_1_RBP2b_3_1,HRP_0_3p_PIGM_RIPR_DBP_1_RBP2b_3_1,F10,ATTGTTCGTC,ATTGTTCGTC,TCTCTAGATT,TCTCTAGATT,
HRP_0_3p_PIGM_RIPR_DBP_1_RBP2b_3_2,HRP_0_3p_PIGM_RIPR_DBP_1_RBP2b_3_2,F11,AATTCTTGGA,AATTCTTGGA,TTGTCAACTT,TTGTCAACTT,
HRP_0_3p_PIGM_RIPR_DBP_1_RBP2b_3_3,HRP_0_3p_PIGM_RIPR_DBP_1_RBP2b_3_3,F12,CACCTTAATC,CACCTTAATC,TTAGGATAGA,TTAGGATAGA,
HRP_2_6p_PIGM_RIPR_VSP11_CG2_related_1,HRP_2_6p_PIGM_RIPR_VSP11_CG2_related_1,G01,TCCGTTATGT,TCCGTTATGT,TTGTAGTGTA,TTGTAGTGTA,
HRP_2_6p_PIGM_RIPR_VSP11_CG2_related_2,HRP_2_6p_PIGM_RIPR_VSP11_CG2_related_2,G02,ATTAACAAGG,ATTAACAAGG,TGTTGTTCGT,TGTTGTTCGT,
HRP_2_6p_PIGM_RIPR_VSP11_CG2_related_3,HRP_2_6p_PIGM_RIPR_VSP11_CG2_related_3,G03,TCCGCCAATT,TCCGCCAATT,CTCCGTGCTG,CTCCGTGCTG,
HRP_0_05p_PIGM_RIPR_VSP11_CG2_related_1,HRP_0_05p_PIGM_RIPR_VSP11_CG2_related_1,G04,GCTGACGTTG,GCTGACGTTG,TGTTCGCATT,TGTTCGCATT,
HRP_0_05p_PIGM_RIPR_VSP11_CG2_related_2,HRP_0_05p_PIGM_RIPR_VSP11_CG2_related_2,G05,TGGCCTCTGT,TGGCCTCTGT,TGAGACAGCG,TGAGACAGCG,
HRP_0_05p_PIGM_RIPR_VSP11_CG2_related_3,HRP_0_05p_PIGM_RIPR_VSP11_CG2_related_3,G06,GTTGGATGAA,GTTGGATGAA,TTCCAGGTAA,TTCCAGGTAA,
HRP_2_6p_PIGM_RIPR_DBP_1_RBP2b_3_1,HRP_2_6p_PIGM_RIPR_DBP_1_RBP2b_3_1,G07,TTGTATCAGG,TTGTATCAGG,ACAGAGGCCA,ACAGAGGCCA,
HRP_2_6p_PIGM_RIPR_DBP_1_RBP2b_3_2,HRP_2_6p_PIGM_RIPR_DBP_1_RBP2b_3_2,G08,TCCGGACTAG,TCCGGACTAG,GACGAACAAT,GACGAACAAT,
HRP_2_6p_PIGM_RIPR_DBP_1_RBP2b_3_3,HRP_2_6p_PIGM_RIPR_DBP_1_RBP2b_3_3,G09,AGCCTATGAT,AGCCTATGAT,CACCACCTAC,CACCACCTAC,
HRP_0_05p_PIGM_RIPR_DBP_1_RBP2b_3_1,HRP_0_05p_PIGM_RIPR_DBP_1_RBP2b_3_1,G10,GGACCAGTGG,GGACCAGTGG,CGCGAGCCTA,CGCGAGCCTA,
HRP_0_05p_PIGM_RIPR_DBP_1_RBP2b_3_2,HRP_0_05p_PIGM_RIPR_DBP_1_RBP2b_3_2,G11,TTCCTACAGC,TTCCTACAGC,GGCGAATTCT,GGCGAATTCT,
HRP_0_05p_PIGM_RIPR_DBP_1_RBP2b_3_3,HRP_0_05p_PIGM_RIPR_DBP_1_RBP2b_3_3,G12,TTGAATGTTG,TTGAATGTTG,CGCAATCTAG,CGCAATCTAG,
HRP_0_5p_PIGM_RIPR_VSP11_CG2_related_1,HRP_0_5p_PIGM_RIPR_VSP11_CG2_related_1,H01,GGTCTATTAA,GGTCTATTAA,CCACGACACG,CCACGACACG,
HRP_0_5p_PIGM_RIPR_VSP11_CG2_related_2,HRP_0_5p_PIGM_RIPR_VSP11_CG2_related_2,H02,TGATGGCTAC,TGATGGCTAC,CCAACAACAT,CCAACAACAT,
HRP_0_5p_PIGM_RIPR_VSP11_CG2_related_3,HRP_0_5p_PIGM_RIPR_VSP11_CG2_related_3,H03,AGGACAGGCC,AGGACAGGCC,CATTCCAGCT,CATTCCAGCT,
Empty_H04_2,Empty_H04_2,H04,CTAATAACCG,CTAATAACCG,AACCGCATCG,AACCGCATCG,
Empty_H05_2,Empty_H05_2,H05,CCAGGCACCA,CCAGGCACCA,ACGCTAATTA,ACGCTAATTA,
Empty_H06_2,Empty_H06_2,H06,AATCCAATTG,AATCCAATTG,CATGTAGAGG,CATGTAGAGG,
HRP_0_5p_PIGM_RIPR_DBP_1_RBP2b_3_1,HRP_0_5p_PIGM_RIPR_DBP_1_RBP2b_3_1,H07,CACAGCGGTC,CACAGCGGTC,ATTCCTATTG,ATTCCTATTG,
HRP_0_5p_PIGM_RIPR_DBP_1_RBP2b_3_2,HRP_0_5p_PIGM_RIPR_DBP_1_RBP2b_3_2,H08,GTGACGGAGC,GTGACGGAGC,TGGCGGTCCA,TGGCGGTCCA,
HRP_0_5p_PIGM_RIPR_DBP_1_RBP2b_3_3,HRP_0_5p_PIGM_RIPR_DBP_1_RBP2b_3_3,H09,TATGACAATC,TATGACAATC,TTGCTTGTAT,TTGCTTGTAT,
Empty_H10_2,Empty_H10_2,H10,CCTTCTAACA,CCTTCTAACA,GATAAGCTCT,GATAAGCTCT,
HRP_Negative,HRP_Negative,H11,ATCCAGGTAT,ATCCAGGTAT,CAACGTCAGC,CAACGTCAGC,
HRP_HumanNegative,HRP_HumanNegative,H12,CCGGTAACAC,CCGGTAACAC,GAGTTGTACT,GAGTTGTACT,